Cohort,Age,Class,PrawnID,GAV,FamID,IntFamID
201604,broodstock,mother,201604BR456,0,B1_033,1
201604,pond,Offspring,243_01_C7G,3.41,B1_033,1
201604,pond,Offspring,244_01_E9G,3.5,B1_033,1
201604,pond,Offspring,243_01_F9G,3.53,B1_033,1
201604,pond,Offspring,243_01_F10G,3.8,B1_033,1
201604,pond,Offspring,243_01_B4G,3.81,B1_033,1
201604,pond,Offspring,243_01_G6G,4.05,B1_033,1
201604,pond,Offspring,243_01_B11G,4.39,B1_033,1
201604,pond,Offspring,243_01_E11G,4.53,B1_033,1
201604,pond,Offspring,243_01_A11G,4.67,B1_033,1
201604,broodstock,father,201604BR347,5.14,B1_033,1
201604,larval,Offspring,RC8_497_PL,6.28,B1_033,1
201604,larval,Offspring,RC8_500_PL,6.74,B1_033,1
201604,larval,Offspring,RC8_557_PL,6.75,B1_033,1
201604,larval,Offspring,RC8_528_PL,6.91,B1_033,1
201604,larval,Offspring,RC8_503_PL,6.91,B1_033,1
201604,larval,Offspring,RC9_104_PL,7.01,B1_033,1
201604,larval,Offspring,RC9_271_PL,7.1,B1_033,1
201604,larval,Offspring,RC9_223_PL,7.14,B1_033,1
201604,larval,Offspring,RC9_191_PL,7.18,B1_033,1
201604,larval,Offspring,RC9_204_PL,7.18,B1_033,1
201604,larval,Offspring,RC9_266_PL,7.22,B1_033,1
201604,larval,Offspring,RC9_255_PL,7.3,B1_033,1
201604,larval,Offspring,RC9_263_PL,7.32,B1_033,1
201604,larval,Offspring,RC8_562_PL,7.32,B1_033,1
201604,larval,Offspring,RC9_244_PL,7.4,B1_033,1
201604,larval,Offspring,RC9_184_PL,7.44,B1_033,1
201604,larval,Offspring,RC9_268_PL,7.44,B1_033,1
201604,larval,Offspring,RC8_520_PL,7.51,B1_033,1
201604,larval,Offspring,RC8_548_PL,7.52,B1_033,1
201604,larval,Offspring,RC9_259_PL,7.57,B1_033,1
201604,larval,Offspring,RC8_149_PL,7.59,B1_033,1
201604,larval,Offspring,RC9_185_PL,7.63,B1_033,1
201604,larval,Offspring,RC9_130_PL,7.68,B1_033,1
201604,larval,Offspring,RC8_523_PL,7.76,B1_033,1
201604,larval,Offspring,RC8_110_PL,7.76,B1_033,1
201604,larval,Offspring,RC8_154_PL,7.76,B1_033,1
201604,larval,Offspring,RC8_108_PL,7.79,B1_033,1
201604,larval,Offspring,RC9_124_PL,7.81,B1_033,1
201604,larval,Offspring,RC9_118_PL,7.87,B1_033,1
201604,larval,Offspring,RC8_544_PL,7.91,B1_033,1
201604,larval,Offspring,RC9_206_PL,7.95,B1_033,1
201604,larval,Offspring,RC8_535_PL,8.19,B1_033,1
201604,larval,Offspring,RC9_101_PL,9.05,B1_033,1
201604,pond,Offspring,243_044P,NA,B1_033,1
201604,pond,Offspring,243_045P,NA,B1_033,1
201604,pond,Offspring,243_048P,NA,B1_033,1
201604,pond,Offspring,243_056P,NA,B1_033,1
201604,pond,Offspring,243_059P,NA,B1_033,1
201604,pond,Offspring,243_070P,NA,B1_033,1
201604,pond,Offspring,243_01_A5G,0,B1_033,1
201604,pond,Offspring,243_01_C8G,0,B1_033,1
201604,pond,Offspring,243_01_F7G,0,B1_033,1
201604,pond,Offspring,244_01_D12G,0,B1_033,1
201604,pond,Offspring,244_01_G8G,0,B1_033,1
201604,broodstock,mother,201604BR060,0,B1_012,2
201604,broodstock,father,201604BR158,4.56,B1_012,2
201604,larval,Offspring,RC8_527_PL,6.27,B1_012,2
201604,larval,Offspring,RC9_127_PL,6.41,B1_012,2
201604,larval,Offspring,RC9_254_PL,6.53,B1_012,2
201604,larval,Offspring,RC9_260_PL,6.59,B1_012,2
201604,larval,Offspring,RC9_203_PL,6.63,B1_012,2
201604,larval,Offspring,RC9_173_PL,6.7,B1_012,2
201604,larval,Offspring,RC8_119_PL,6.7,B1_012,2
201604,larval,Offspring,RC9_148_PL,6.72,B1_012,2
201604,larval,Offspring,RC9_212_PL,6.73,B1_012,2
201602,larval,Offspring,RC9_135_PL,6.77,B1_012,2
201602,larval,Offspring,RC9_150_PL,6.82,B1_012,2
201604,larval,Offspring,RC9_167_PL,6.88,B1_012,2
201604,larval,Offspring,RC8_142_PL,6.91,B1_012,2
201604,larval,Offspring,RC9_182_PL,6.92,B1_012,2
201604,larval,Offspring,RC9_188_PL,7,B1_012,2
201604,larval,Offspring,RC8_480_PL,7,B1_012,2
201604,larval,Offspring,RC9_174_PL,7.14,B1_012,2
201604,larval,Offspring,RC9_126_PL,7.15,B1_012,2
201604,larval,Offspring,RC9_186_PL,7.17,B1_012,2
201604,larval,Offspring,RC8_159_PL,7.25,B1_012,2
201604,larval,Offspring,RC8_507_PL,7.26,B1_012,2
201604,larval,Offspring,RC9_163_PL,7.27,B1_012,2
201604,larval,Offspring,RC9_159_PL,7.41,B1_012,2
201604,larval,Offspring,RC8_515_PL,7.41,B1_012,2
201604,larval,Offspring,RC9_117_PL,7.42,B1_012,2
201604,larval,Offspring,RC9_217_PL,7.59,B1_012,2
201604,larval,Offspring,RC9_122_PL,7.64,B1_012,2
201602,larval,Offspring,RC9_233_PL,7.65,B1_012,2
201604,larval,Offspring,RC9_253_PL,7.66,B1_012,2
201604,larval,Offspring,RC9_177_PL,7.84,B1_012,2
201604,larval,Offspring,RC9_115_PL,7.9,B1_012,2
201602,larval,Offspring,RC8_104_PL,7.92,B1_012,2
201604,pond,Offspring,243_037P,NA,B1_012,2
201604,pond,Offspring,243_058P,NA,B1_012,2
201604,broodstock,mother,201604BR412,3.75,B1_026,3
201604,pond,Offspring,244_01_D11G,4.05,B1_026,3
201604,pond,Offspring,243_01_E12G,4.06,B1_026,3
201604,pond,Offspring,243_01_C4G,4.23,B1_026,3
201604,pond,Offspring,243_01_G8G,4.31,B1_026,3
201604,pond,Offspring,243_01_B5G,4.91,B1_026,3
201604,larval,Offspring,RC9_208_PL,5.04,B1_026,3
201604,broodstock,father,201604BR289,5.5,B1_026,3
201604,pond,Offspring,243_01_G5G,5.8,B1_026,3
201604,pond,Offspring,243_01_A6G,6.02,B1_026,3
201604,larval,Offspring,RC8_182_PL,6.3,B1_026,3
201604,larval,Offspring,RC8_472_PL,6.85,B1_026,3
201604,larval,Offspring,RC8_495_PL,6.86,B1_026,3
201604,larval,Offspring,RC9_192_PL,7.04,B1_026,3
201604,larval,Offspring,RC9_200_PL,7.13,B1_026,3
201604,larval,Offspring,RC9_248_PL,7.33,B1_026,3
201604,larval,Offspring,RC8_137_PL,7.42,B1_026,3
201604,larval,Offspring,RC9_193_PL,7.48,B1_026,3
201604,larval,Offspring,RC8_136_PL,7.59,B1_026,3
201604,larval,Offspring,RC9_170_PL,7.67,B1_026,3
201604,larval,Offspring,RC9_228_PL,7.73,B1_026,3
201604,larval,Offspring,RC9_229_PL,7.92,B1_026,3
201604,larval,Offspring,RC8_126_PL,8.19,B1_026,3
201604,larval,Offspring,RC9_132_PL,8.2,B1_026,3
201604,larval,Offspring,RC9_231_PL,8.21,B1_026,3
201604,larval,Offspring,RC9_215_PL,8.42,B1_026,3
201604,pond,Offspring,243_007P,NA,B1_026,3
201604,pond,Offspring,243_041P,NA,B1_026,3
201604,pond,Offspring,243_051P,NA,B1_026,3
201604,pond,Offspring,243_057P,NA,B1_026,3
201604,pond,Offspring,243_063P,NA,B1_026,3
201604,pond,Offspring,243_069P,NA,B1_026,3
201604,pond,Offspring,243_086P,NA,B1_026,3
201602,pond,Offspring,243_089P,NA,B1_026,3
201604,broodstock,father,201604BR192,3.18,B1_011,4
201604,broodstock,mother,201604BR059,3.51,B1_011,4
201604,pond,Offspring,243_01_E8G,3.85,B1_011,4
201604,pond,Offspring,244_01_H11G,3.92,B1_011,4
201602,pond,Offspring,244_01_H8G,5,B1_011,4
201604,pond,Offspring,243_01_H3G,6.52,B1_011,4
201604,larval,Offspring,RC9_210_PL,6.63,B1_011,4
201604,larval,Offspring,RC8_551_PL,6.84,B1_011,4
201604,larval,Offspring,RC8_133_PL,7.26,B1_011,4
201604,larval,Offspring,RC9_221_PL,7.31,B1_011,4
201604,larval,Offspring,RC9_143_PL,7.36,B1_011,4
201604,larval,Offspring,RC8_109_PL,7.47,B1_011,4
201604,larval,Offspring,RC8_532_PL,7.48,B1_011,4
201604,larval,Offspring,RC8_164_PL,7.5,B1_011,4
201604,larval,Offspring,RC9_137_PL,7.56,B1_011,4
201604,larval,Offspring,RC9_216_PL,7.65,B1_011,4
201604,larval,Offspring,RC9_198_PL,7.71,B1_011,4
201604,larval,Offspring,RC8_493_PL,7.72,B1_011,4
201604,larval,Offspring,RC9_219_PL,7.79,B1_011,4
201604,larval,Offspring,RC8_174_PL,7.81,B1_011,4
201604,larval,Offspring,RC9_261_PL,7.91,B1_011,4
201604,larval,Offspring,RC9_141_PL,7.93,B1_011,4
201604,pond,Offspring,243_001P,NA,B1_011,4
201604,pond,Offspring,243_002P,NA,B1_011,4
201604,pond,Offspring,243_013P,NA,B1_011,4
201604,pond,Offspring,243_019P,NA,B1_011,4
201604,pond,Offspring,243_020P,NA,B1_011,4
201604,pond,Offspring,243_028P,NA,B1_011,4
201604,pond,Offspring,243_052P,NA,B1_011,4
201604,pond,Offspring,243_074P,NA,B1_011,4
201604,pond,Offspring,243_092P,NA,B1_011,4
201604,broodstock,mother,201604BR431,0,B1_030,5
201604,broodstock,father,201604BR289,5.5,B1_030,5
201604,larval,Offspring,RC9_145_PL,6.94,B1_030,5
201604,larval,Offspring,RC9_209_PL,6.97,B1_030,5
201604,larval,Offspring,RC9_234_PL,7.01,B1_030,5
201604,larval,Offspring,RC9_178_PL,7.08,B1_030,5
201604,larval,Offspring,RC9_147_PL,7.08,B1_030,5
201604,larval,Offspring,RC9_176_PL,7.19,B1_030,5
201604,larval,Offspring,RC9_279_PL,7.37,B1_030,5
201604,larval,Offspring,RC9_123_PL,7.63,B1_030,5
201604,larval,Offspring,RC9_161_PL,7.67,B1_030,5
201604,larval,Offspring,RC9_224_PL,7.67,B1_030,5
201604,larval,Offspring,RC9_235_PL,7.75,B1_030,5
201604,larval,Offspring,RC9_169_PL,9.44,B1_030,5
201604,pond,Offspring,243_068P,NA,B1_030,5
201604,pond,Offspring,243_071P,NA,B1_030,5
201602,broodstock,mother,201604BR020,3.51,B1_004,6
201602,pond,Offspring,244_01_E7G,3.71,B1_004,6
201602,pond,Offspring,244_01_G7G,3.72,B1_004,6
201604,broodstock,father,201604BR199,3.82,B1_004,6
201602,pond,Offspring,244_01_B9G,3.93,B1_004,6
201602,larval,Offspring,RC8_531_PL,4.01,B1_004,6
201602,larval,Offspring,RC8_131_PL,4.2,B1_004,6
201602,larval,Offspring,RC8_534_PL,4.75,B1_004,6
201602,larval,Offspring,RC8_114_PL,5.26,B1_004,6
201602,larval,Offspring,RC8_521_PL,6.45,B1_004,6
201602,larval,Offspring,RC9_262_PL,6.61,B1_004,6
201604,larval,Offspring,RC9_144_PL,6.72,B1_004,6
201602,larval,Offspring,RC8_477_PL,6.94,B1_004,6
201602,larval,Offspring,RC8_099_PL,7.15,B1_004,6
201602,larval,Offspring,RC9_232_PL,7.38,B1_004,6
201604,larval,Offspring,RC9_258_PL,7.43,B1_004,6
201602,pond,Offspring,243_004P,NA,B1_004,6
201602,pond,Offspring,243_023P,NA,B1_004,6
201602,pond,Offspring,243_024P,NA,B1_004,6
201602,pond,Offspring,243_033P,NA,B1_004,6
201604,pond,Offspring,243_077P,NA,B1_004,6
201604,pond,Offspring,243_01_D5G,0,B1_004,6
201604,pond,Offspring,243_01_D7G,0,B1_004,6
201602,pond,Offspring,244_01_E10G,0,B1_004,6
201604,broodstock,father,201604BR239,0,B1_021,7
201604,broodstock,mother,201604BR103,3.41,B1_021,7
201604,pond,Offspring,243_01_C6G,3.92,B1_021,7
201604,pond,Offspring,243_01_G11G,4.21,B1_021,7
201604,larval,Offspring,RC8_130_PL,6.88,B1_021,7
201604,larval,Offspring,RC9_199_PL,7.04,B1_021,7
201602,larval,Offspring,RC8_524_PL,7.09,B1_021,7
201602,larval,Offspring,RC9_264_PL,7.22,B1_021,7
201604,larval,Offspring,RC9_175_PL,7.25,B1_021,7
201602,larval,Offspring,RC9_256_PL,7.36,B1_021,7
201604,larval,Offspring,RC8_526_PL,7.38,B1_021,7
201604,larval,Offspring,RC9_252_PL,7.39,B1_021,7
201602,larval,Offspring,RC9_250_PL,7.41,B1_021,7
201604,larval,Offspring,RC9_120_PL,7.54,B1_021,7
201604,pond,Offspring,243_036P,NA,B1_021,7
201604,pond,Offspring,243_093P,NA,B1_021,7
201604,broodstock,mother,201604BR084,3.05,B1_019,8
201604,broodstock,father,201604BR145,3.08,B1_019,8
201604,pond,Offspring,243_01_C9G,3.77,B1_019,8
201604,pond,Offspring,243_01_H5G,4.21,B1_019,8
201604,pond,Offspring,243_01_D9G,4.7,B1_019,8
201604,pond,Offspring,244_01_A12G,4.77,B1_019,8
201604,larval,Offspring,RC8_106_PL,6.03,B1_019,8
201604,larval,Offspring,RC8_550_PL,6.42,B1_019,8
201604,larval,Offspring,RC8_489_PL,6.93,B1_019,8
201604,larval,Offspring,RC8_187_PL,7.13,B1_019,8
201604,larval,Offspring,RC8_556_PL,7.15,B1_019,8
201604,larval,Offspring,RC8_120_PL,7.19,B1_019,8
201604,larval,Offspring,RC8_476_PL,7.21,B1_019,8
201604,larval,Offspring,RC8_501_PL,7.24,B1_019,8
201604,larval,Offspring,RC8_145_PL,7.43,B1_019,8
201604,larval,Offspring,RC8_177_PL,7.59,B1_019,8
201604,broodstock,mother,201604BR021,3.01,B1_006,9
201604,pond,Offspring,244_01_B8G,3.67,B1_006,9
201604,broodstock,father,201604BR158,4.56,B1_006,9
201604,larval,Offspring,RC9_153_PL,6.26,B1_006,9
201604,larval,Offspring,RC9_282_PL,6.68,B1_006,9
201604,larval,Offspring,RC9_278_PL,6.82,B1_006,9
201604,larval,Offspring,RC8_517_PL,6.96,B1_006,9
201604,larval,Offspring,RC9_227_PL,7.18,B1_006,9
201602,larval,Offspring,RC9_269_PL,7.22,B1_006,9
201604,larval,Offspring,RC9_179_PL,7.24,B1_006,9
201602,larval,Offspring,RC9_222_PL,7.26,B1_006,9
201602,pond,Offspring,243_029P,NA,B1_006,9
201604,pond,Offspring,243_046P,NA,B1_006,9
201602,pond,Offspring,243_065P,NA,B1_006,9
201602,pond,Offspring,243_076P,NA,B1_006,9
201604,pond,Offspring,243_078P,NA,B1_006,9
201602,broodstock,mother,201604BR020,3.51,B1_005,10
201604,larval,Offspring,RC9_272_PL,4.1,B1_005,10
201604,larval,Offspring,RC9_194_PL,5.15,B1_005,10
201604,larval,Offspring,RC9_207_PL,6.7,B1_005,10
201604,larval,Offspring,RC9_189_PL,7.1,B1_005,10
201602,larval,Offspring,RC9_245_PL,7.14,B1_005,10
201604,larval,Offspring,RC9_273_PL,7.21,B1_005,10
201602,larval,Offspring,RC9_281_PL,7.52,B1_005,10
201604,larval,Offspring,RC9_195_PL,7.59,B1_005,10
201604,broodstock,father,201604BR271,NA,B1_005,10
201604,broodstock,mother,201604BR479,3.47,B1_036,11
201604,pond,Offspring,243_01_B10G,4,B1_036,11
201604,broodstock,father,201604BR347,5.14,B1_036,11
201604,pond,Offspring,243_01_B12G,6.09,B1_036,11
201604,larval,Offspring,RC9_154_PL,6.51,B1_036,11
201604,larval,Offspring,RC9_267_PL,6.93,B1_036,11
201602,larval,Offspring,RC9_275_PL,6.98,B1_036,11
201604,larval,Offspring,RC9_276_PL,7.07,B1_036,11
201604,pond,Offspring,243_01_G9G,7.21,B1_036,11
201604,larval,Offspring,RC9_171_PL,7.35,B1_036,11
201604,larval,Offspring,RC9_265_PL,7.51,B1_036,11
201604,larval,Offspring,RC8_143_PL,7.73,B1_036,11
201604,pond,Offspring,243_021P,NA,B1_036,11
201604,pond,Offspring,243_032P,NA,B1_036,11
201604,pond,Offspring,244_01_C10G,3.34,B1_015,12
201604,broodstock,mother,201604BR072,3.42,B1_015,12
201604,broodstock,father,201604BR195,3.69,B1_015,12
201604,larval,Offspring,RC9_105_PL,3.86,B1_015,12
201604,larval,Offspring,RC9_158_PL,4.89,B1_015,12
201604,pond,Offspring,244_01_H9G,5.12,B1_015,12
201604,larval,Offspring,RC8_158_PL,5.15,B1_015,12
201604,larval,Offspring,RC8_481_PL,5.67,B1_015,12
201604,larval,Offspring,RC9_238_PL,6.47,B1_015,12
201604,larval,Offspring,RC8_496_PL,6.69,B1_015,12
201604,pond,Offspring,243_008P,NA,B1_015,12
201604,pond,Offspring,243_010P,NA,B1_015,12
201604,pond,Offspring,243_016P,NA,B1_015,12
201604,pond,Offspring,243_055P,NA,B1_015,12
201602,pond,Offspring,243_079P,NA,B1_015,12
201604,pond,Offspring,244_01_B10G,0,B1_015,12
201604,pond,Offspring,244_01_G9G,0,B1_015,12
201604,broodstock,mother,201604BR458,1.31,B1_034,13
201604,pond,Offspring,243_01_F11G,3.9,B1_034,13
201604,broodstock,father,201604BR282,4.73,B1_034,13
201604,larval,Offspring,RC8_499_PL,6.44,B1_034,13
201604,larval,Offspring,RC8_180_PL,6.76,B1_034,13
201604,pond,Offspring,244_01_C12G,7.02,B1_034,13
201604,larval,Offspring,RC8_103_PL,7.12,B1_034,13
201604,larval,Offspring,RC8_545_PL,7.23,B1_034,13
201604,larval,Offspring,RC8_153_PL,7.6,B1_034,13
201604,pond,Offspring,243_034P,NA,B1_034,13
201604,broodstock,mother,201604BR054,3.26,B1_010,14
201604,broodstock,father,201604BR160,3.52,B1_010,14
201604,larval,Offspring,RC8_530_PL,3.9,B1_010,14
201604,larval,Offspring,RC8_533_PL,5.78,B1_010,14
201604,larval,Offspring,RC8_123_PL,6.81,B1_010,14
201604,larval,Offspring,RC8_135_PL,7.34,B1_010,14
201604,pond,Offspring,243_012P,NA,B1_010,14
201604,pond,Offspring,243_030P,NA,B1_010,14
201604,broodstock,mother,201604BR014,3.49,B1_003,15
201604,broodstock,father,201604BR160,3.52,B1_003,15
201604,pond,Offspring,243_01_C12G,4.56,B1_003,15
201604,pond,Offspring,244_01_D7G,5.66,B1_003,15
201604,larval,Offspring,RC8_563_PL,6.38,B1_003,15
201602,larval,Offspring,RC8_512_PL,6.9,B1_003,15
201604,larval,Offspring,RC8_178_PL,7.26,B1_003,15
201602,larval,Offspring,RC8_542_PL,7.83,B1_003,15
201604,broodstock,mother,201604BR399,3.9,B1_025,16
201604,pond,Offspring,244_01_A7G,4.62,B1_025,16
201604,broodstock,father,201604BR282,4.73,B1_025,16
201604,larval,Offspring,RC8_162_PL,7.36,B1_025,16
201604,larval,Offspring,RC8_105_PL,7.56,B1_025,16
201604,larval,Offspring,RC8_100_PL,7.95,B1_025,16
201604,larval,Offspring,RC8_519_PL,8,B1_025,16
201604,pond,Offspring,243_075P,NA,B1_025,16
201604,pond,Offspring,244_01_B12G,0,B1_025,16
201602,pond,Offspring,243_01_C5G,3.2,B1_008,17
201602,pond,Offspring,244_01_G11G,3.31,B1_008,17
201604,pond,Offspring,244_01_B11G,3.32,B1_008,17
201602,pond,Offspring,243_01_B9G,3.5,B1_008,17
201602,broodstock,father,201604BR199,3.82,B1_008,17
201602,pond,Offspring,243_01_D3G,3.84,B1_008,17
201604,broodstock,mother,201604BR047,3.95,B1_008,17
201604,pond,Offspring,243_01_H7G,4.8,B1_008,17
201602,larval,Offspring,RC8_121_PL,7.21,B1_008,17
201602,pond,Offspring,244_01_H7G,7.9,B1_008,17
201604,larval,Offspring,RC9_112_PL,8.15,B1_008,17
201604,larval,Offspring,RC8_525_PL,9.06,B1_008,17
201602,pond,Offspring,243_061P,NA,B1_008,17
201602,pond,Offspring,243_01_A9G,0,B1_008,17
201602,pond,Offspring,244_01_A10G,0,B1_008,17
201604,broodstock,father,201604BR157,3.34,B1_016,18
201604,pond,Offspring,243_01_E6G,3.48,B1_016,18
201602,pond,Offspring,243_01_D12G,3.82,B1_016,18
201604,broodstock,mother,201604BR074,4.09,B1_016,18
201604,pond,Offspring,243_01_D11G,4.11,B1_016,18
201604,larval,Offspring,RC8_540_PL,4.44,B1_016,18
201604,larval,Offspring,RC9_142_PL,4.84,B1_016,18
201604,larval,Offspring,RC9_211_PL,7.79,B1_016,18
201604,pond,Offspring,243_064P,NA,B1_016,18
201604,pond,Offspring,243_01_H8G,0,B1_016,18
201604,broodstock,mother,201604BR515,1.58,B1_037,19
201604,pond,Offspring,244_01_B7G,3.98,B1_037,19
201604,broodstock,father,201604BR385,4.41,B1_037,19
201604,larval,Offspring,RC8_125_PL,6.33,B1_037,19
201604,larval,Offspring,RC8_102_PL,6.59,B1_037,19
201604,larval,Offspring,RC8_167_PL,7.24,B1_037,19
201604,pond,Offspring,243_083P,NA,B1_037,19
201604,pond,Offspring,243_01_B8G,0,B1_037,19
201604,broodstock,father,201604BR204,4.05,B1_027,20
201604,broodstock,mother,201604BR414,4.18,B1_027,20
201604,larval,Offspring,RC8_539_PL,6.98,B1_027,20
201604,larval,Offspring,RC8_122_PL,7.11,B1_027,20
201604,larval,Offspring,RC8_112_PL,7.42,B1_027,20
201604,pond,Offspring,243_084P,NA,B1_027,20
201604,broodstock,mother,201604BR116,0,B1_023,21
201604,broodstock,father,201604BR146,5.77,B1_023,21
201604,larval,Offspring,RC8_511_PL,6.9,B1_023,21
201604,larval,Offspring,RC8_118_PL,7.22,B1_023,21
201604,pond,Offspring,243_006P,NA,B1_023,21
201602,pond,Offspring,243_025P,NA,B1_023,21
201604,pond,Offspring,243_031P,NA,B1_023,21
201604,pond,Offspring,243_040P,NA,B1_023,21
201604,pond,Offspring,243_060P,NA,B1_023,21
201604,pond,Offspring,244_01_E12G,0,B1_023,21
201604,pond,Offspring,201604_135_001_F3_G,2.75,B2_014,22
201604,pond,Offspring,201604_135_001_C10_G,2.84,B2_014,22
201604,pond,Offspring,201604_136_001_G2_G,3,B2_014,22
201604,pond,Offspring,201604_136_001_C10_G,3.1,B2_014,22
201604,pond,Offspring,201604_136_001_F11_G,3.39,B2_014,22
201604,pond,Offspring,201604_135_001_A2_G,3.47,B2_014,22
201602,pond,Offspring,201604_135_001_B11_G,3.48,B2_014,22
201602,pond,Offspring,201604_136_001_D10_G,3.58,B2_014,22
201602,pond,Offspring,201604_135_001_A1_G,3.66,B2_014,22
201602,broodstock,father,201604BR326,4.07,B2_014,22
201604,broodstock,mother,201604BR520,4.15,B2_014,22
201604,pond,Offspring,201604_136_001_B11_G,4.18,B2_014,22
201604,pond,Offspring,201604_136_001_E9_G,4.19,B2_014,22
201604,pond,Offspring,201604_135_001_G7_G,4.85,B2_014,22
201602,pond,Offspring,201604_135_001_E6_G,5.87,B2_014,22
201602,pond,Offspring,201604_136_001_G9_G,6.98,B2_014,22
201602,pond,Offspring,201604_135_001_B10_G,0,B2_014,22
201604,pond,Offspring,201604_135_001_B5_G,0,B2_014,22
201604,pond,Offspring,201604_135_001_C4_G,0,B2_014,22
201604,pond,Offspring,201604_135_001_E4_G,0,B2_014,22
201604,pond,Offspring,201604_135_001_E9_G,0,B2_014,22
201604,pond,Offspring,201604_135_001_G9_G,0,B2_014,22
201604,pond,Offspring,201604_136_001_A2_G,0,B2_014,22
201604,pond,Offspring,201604_136_001_E3_G,0,B2_014,22
201604,pond,Offspring,201604_136_001_G1_G,0,B2_014,22
201604,pond,Offspring,201604_136_001_G4_G,0,B2_014,22
201604,pond,Offspring,201604_136_001_G7_G,0,B2_014,22
201604,pond,Offspring,201604_136_001_H2_G,0,B2_014,22
201602,broodstock,mother,201602BR060,1.51,B3_012,23
201602,broodstock,father,201602BR088,2.31,B3_012,23
201602,pond,Offspring,201602_142_005_A10_G,3.74,B3_012,23
201602,larval,Offspring,D1.PL015,NA,B3_012,23
201602,larval,Offspring,D1.PL019,NA,B3_012,23
201602,larval,Offspring,D1.PL025,NA,B3_012,23
201602,larval,Offspring,D1.PL027,NA,B3_012,23
201602,larval,Offspring,D1.PL028,NA,B3_012,23
201602,larval,Offspring,D1.PL036,NA,B3_012,23
201602,larval,Offspring,D1.PL051,NA,B3_012,23
201602,larval,Offspring,D1.PL056,NA,B3_012,23
201602,larval,Offspring,D1.PL060,NA,B3_012,23
201602,larval,Offspring,D1.PL061,NA,B3_012,23
201602,larval,Offspring,D1.PL063,NA,B3_012,23
201602,larval,Offspring,D1.PL064,NA,B3_012,23
201602,larval,Offspring,D1.PL074,NA,B3_012,23
201602,larval,Offspring,D1.PL075,NA,B3_012,23
201602,larval,Offspring,D1.PL078,NA,B3_012,23
201602,larval,Offspring,D1.PL080,NA,B3_012,23
201602,larval,Offspring,D1.PL087,NA,B3_012,23
201602,larval,Offspring,D1.PL091,NA,B3_012,23
201602,larval,Offspring,D1.PL094,NA,B3_012,23
201602,larval,Offspring,D1_Plate1_A10G,NA,B3_012,23
201602,larval,Offspring,D1_Plate1_A1G,NA,B3_012,23
201602,larval,Offspring,D1_Plate1_A2G,NA,B3_012,23
201602,larval,Offspring,D1_Plate1_A3G,NA,B3_012,23
201602,larval,Offspring,D1_Plate1_A4G,NA,B3_012,23
201602,larval,Offspring,D1_Plate1_A8G,NA,B3_012,23
201602,larval,Offspring,D1_Plate1_B6G,NA,B3_012,23
201602,larval,Offspring,D1_Plate1_C1G,NA,B3_012,23
201602,larval,Offspring,D1_Plate1_C4G,NA,B3_012,23
201602,larval,Offspring,D1_Plate1_C5G,NA,B3_012,23
201602,larval,Offspring,D1_Plate1_D2G,NA,B3_012,23
201602,larval,Offspring,D1_Plate1_D4G,NA,B3_012,23
201602,larval,Offspring,D1_Plate1_D8G,NA,B3_012,23
201602,larval,Offspring,D1_Plate1_E12G,NA,B3_012,23
201602,larval,Offspring,D1_Plate1_E6G,NA,B3_012,23
201602,larval,Offspring,D1_Plate1_E7G,NA,B3_012,23
201602,larval,Offspring,D1_Plate1_F12G,NA,B3_012,23
201602,larval,Offspring,D1_Plate1_F2G,NA,B3_012,23
201602,larval,Offspring,D1_Plate1_F7G,NA,B3_012,23
201602,larval,Offspring,D1_Plate1_G2G,NA,B3_012,23
201602,larval,Offspring,D1_Plate1_G9G,NA,B3_012,23
201602,larval,Offspring,D1_Plate1_H9G,NA,B3_012,23
201602,larval,Offspring,RD3_PL010,NA,B3_012,23
201602,larval,Offspring,RD3_PL014,NA,B3_012,23
201602,larval,Offspring,RD3_PL090,NA,B3_012,23
201602,larval,Offspring,RD4_PL006,NA,B3_012,23
201602,larval,Offspring,RD4_PL011,NA,B3_012,23
201602,larval,Offspring,RD4_PL014,NA,B3_012,23
201602,larval,Offspring,RD4_PL020,NA,B3_012,23
201602,larval,Offspring,RD4_PL026,NA,B3_012,23
201602,larval,Offspring,RD4_PL036,NA,B3_012,23
201602,larval,Offspring,RD4_PL039,NA,B3_012,23
201602,larval,Offspring,RD4_PL042,NA,B3_012,23
201602,larval,Offspring,RD4_PL045,NA,B3_012,23
201602,larval,Offspring,RD4_PL050,NA,B3_012,23
201602,larval,Offspring,RD4_PL054,NA,B3_012,23
201602,larval,Offspring,RD4_PL079,NA,B3_012,23
201602,pond,Offspring,201602_141_001_D9_G,0,B3_012,23
201602,pond,Offspring,201602_141_001_F3_G,0,B3_012,23
201602,pond,Offspring,201602_142_005_C5_G,0,B3_012,23
201602,pond,Offspring,201602_142_005_F11_G,0,B3_012,23
201604,pond,Offspring,201604_135_001_C9_G,2.98,B2_010,24
201604,pond,Offspring,201604_135_001_H9_G,3.14,B2_010,24
201604,broodstock,father,201604BR231,3.15,B2_010,24
201604,pond,Offspring,201604_135_001_E5_G,3.38,B2_010,24
201604,pond,Offspring,201604_135_001_B7_G,3.38,B2_010,24
201604,pond,Offspring,201604_136_001_H4_G,3.65,B2_010,24
201604,broodstock,mother,201604BR094,3.71,B2_010,24
201604,pond,Offspring,201604_136_001_C7_G,3.74,B2_010,24
201604,pond,Offspring,201604_135_001_E7_G,3.82,B2_010,24
201604,pond,Offspring,201604_136_001_A8_G,3.93,B2_010,24
201604,pond,Offspring,201604_135_001_G4_G,4.05,B2_010,24
201604,pond,Offspring,201604_136_001_B1_G,4.25,B2_010,24
201604,pond,Offspring,201604_135_001_H1_G,4.6,B2_010,24
201604,pond,Offspring,201604_135_001_A3_G,4.61,B2_010,24
201604,pond,Offspring,201604_136_001_F5_G,5,B2_010,24
201604,pond,Offspring,201604_135_001_C1_G,5.23,B2_010,24
201604,pond,Offspring,201604_136_001_B7_G,5.74,B2_010,24
201604,pond,Offspring,201604_135_001_D8_G,6.38,B2_010,24
201604,pond,Offspring,201604_136_001_G10_G,8.03,B2_010,24
201604,pond,Offspring,201604_135_001_D7_G,0,B2_010,24
201604,pond,Offspring,201604_135_001_F1_G,0,B2_010,24
201604,pond,Offspring,201604_135_001_G5_G,0,B2_010,24
201604,pond,Offspring,201604_136_001_D2_G,0,B2_010,24
201604,broodstock,mother,201604BR537,2.04,B2_017,25
201604,broodstock,father,201604BR365,3.55,B2_017,25
201604,pond,Offspring,201604_136_001_A4_G,3.69,B2_017,25
201604,pond,Offspring,201604_135_001_C6_G,3.8,B2_017,25
201604,pond,Offspring,201604_135_001_A4_G,4.33,B2_017,25
201604,pond,Offspring,201604_136_001_C6_G,4.7,B2_017,25
201604,pond,Offspring,201604_135_001_G2_G,5.12,B2_017,25
201604,pond,Offspring,201604_136_001_G3_G,5.36,B2_017,25
201604,pond,Offspring,201604_135_001_F7_G,6.23,B2_017,25
201604,pond,Offspring,201604_136_001_A11_G,6.98,B2_017,25
201604,pond,Offspring,201604_135_001_F2_G,7.21,B2_017,25
201604,pond,Offspring,201604_135_001_B3_G,0,B2_017,25
201604,pond,Offspring,201604_136_001_H3_G,0,B2_017,25
201602,broodstock,mother,201602BR063,2.29,B3_013,26
201602,pond,Offspring,201602_141_001_D11_G,3.09,B3_013,26
201602,pond,Offspring,201602_141_001_G11_G,3.14,B3_013,26
201602,pond,Offspring,201602_141_001_A8_G,3.14,B3_013,26
201602,larval,Offspring,D1.PL011,NA,B3_013,26
201602,larval,Offspring,D1.PL013,NA,B3_013,26
201602,larval,Offspring,D1.PL014,NA,B3_013,26
201602,larval,Offspring,D1.PL016,NA,B3_013,26
201602,larval,Offspring,D1.PL024,NA,B3_013,26
201602,larval,Offspring,D1.PL029,NA,B3_013,26
201602,larval,Offspring,D1.PL035,NA,B3_013,26
201602,larval,Offspring,D1.PL040,NA,B3_013,26
201602,larval,Offspring,D1.PL046,NA,B3_013,26
201602,larval,Offspring,D1.PL050,NA,B3_013,26
201602,larval,Offspring,D1.PL052,NA,B3_013,26
201602,larval,Offspring,D1.PL055,NA,B3_013,26
201602,larval,Offspring,D1.PL059,NA,B3_013,26
201602,larval,Offspring,D1.PL077,NA,B3_013,26
201602,larval,Offspring,D1.PL079,NA,B3_013,26
201602,larval,Offspring,D1.PL082,NA,B3_013,26
201602,larval,Offspring,D1_Plate1_A5G,NA,B3_013,26
201602,larval,Offspring,D1_Plate1_A7G,NA,B3_013,26
201602,larval,Offspring,D1_Plate1_A9G,NA,B3_013,26
201602,larval,Offspring,D1_Plate1_B10G,NA,B3_013,26
201602,larval,Offspring,D1_Plate1_B1G,NA,B3_013,26
201602,larval,Offspring,D1_Plate1_B3G,NA,B3_013,26
201602,larval,Offspring,D1_Plate1_B4G,NA,B3_013,26
201602,larval,Offspring,D1_Plate1_B5G,NA,B3_013,26
201602,larval,Offspring,D1_Plate1_C2G,NA,B3_013,26
201604,larval,Offspring,D1_Plate1_D10G,NA,B3_013,26
201602,larval,Offspring,D1_Plate1_D12G,NA,B3_013,26
201602,larval,Offspring,D1_Plate1_D3G,NA,B3_013,26
201602,larval,Offspring,D1_Plate1_E1G,NA,B3_013,26
201602,larval,Offspring,D1_Plate1_E3G,NA,B3_013,26
201602,larval,Offspring,D1_Plate1_F4G,NA,B3_013,26
201602,larval,Offspring,D1_Plate1_G4G,NA,B3_013,26
201602,larval,Offspring,D1_Plate1_H11G,NA,B3_013,26
201604,larval,Offspring,D1_Plate1_H1G,NA,B3_013,26
201604,larval,Offspring,D1_Plate1_H3G,NA,B3_013,26
201604,larval,Offspring,D1_Plate1_H8G,NA,B3_013,26
201604,larval,Offspring,RD3_PL086,NA,B3_013,26
201604,larval,Offspring,RD4_PL032,NA,B3_013,26
201602,larval,Offspring,RD4_PL044,NA,B3_013,26
201602,larval,Offspring,RD4_PL058,NA,B3_013,26
201602,larval,Offspring,RD4_PL064,NA,B3_013,26
201602,larval,Offspring,RD4_PL067,NA,B3_013,26
201602,larval,Offspring,RD4_PL076,NA,B3_013,26
201602,larval,Offspring,RD4_PL087,NA,B3_013,26
201602,broodstock,father,201602BR121,NA,B3_013,26
201602,pond,Offspring,201602_141_001_A10_G,0,B3_013,26
201602,pond,Offspring,201602_141_001_B3_G,0,B3_013,26
201602,pond,Offspring,201602_141_001_C5_G,0,B3_013,26
201602,pond,Offspring,201602_142_005_B11_G,0,B3_013,26
201602,pond,Offspring,201602_142_005_C6_G,0,B3_013,26
201602,pond,Offspring,201602_142_005_D11_G,0,B3_013,26
201602,pond,Offspring,201602_142_005_E10_G,0,B3_013,26
201602,pond,Offspring,201602_142_005_E4_G,0,B3_013,26
201602,pond,Offspring,201602_142_005_H7_G,0,B3_013,26
201604,pond,Offspring,201604_135_001_F9_G,2.74,B2_007,27
201604,pond,Offspring,201604_135_001_A8_G,2.78,B2_007,27
201604,pond,Offspring,201604_136_001_G6_G,3.11,B2_007,27
201604,pond,Offspring,201604_136_001_B2_G,3.15,B2_007,27
201604,pond,Offspring,201604_136_001_F7_G,3.19,B2_007,27
201604,pond,Offspring,201604_135_001_E10_G,3.21,B2_007,27
201604,pond,Offspring,201604_136_001_F3_G,3.25,B2_007,27
201604,pond,Offspring,201604_136_001_G5_G,3.39,B2_007,27
201604,pond,Offspring,201604_135_001_H10_G,3.49,B2_007,27
201604,pond,Offspring,201604_135_001_H11_G,3.57,B2_007,27
201604,pond,Offspring,201604_135_001_E3_G,3.58,B2_007,27
201604,pond,Offspring,201604_135_001_G1_G,3.59,B2_007,27
201604,pond,Offspring,201604_135_001_D1_G,4.72,B2_007,27
201604,pond,Offspring,201604_135_001_E2_G,5.06,B2_007,27
201604,pond,Offspring,201604_136_001_A6_G,5.95,B2_007,27
201604,pond,Offspring,201604_136_001_B9_G,6.4,B2_007,27
201604,pond,Offspring,201604_136_001_A1_G,6.45,B2_007,27
201604,pond,Offspring,201604_135_001_B4_G,6.65,B2_007,27
201604,pond,Offspring,201604_136_001_B8_G,6.96,B2_007,27
201604,broodstock,mother,201604BR102,0,B2_007,27
201604,broodstock,father,201604BR223,NA,B2_007,27
201604,pond,Offspring,201604_135_001_A10_G,0,B2_007,27
201604,pond,Offspring,201604_136_001_E2_G,0,B2_007,27
201604,pond,Offspring,201604_136_001_F1_G,0,B2_007,27
201604,pond,Offspring,201604_136_001_H10_G,0,B2_007,27
201604,pond,Offspring,201602_141_001_H7_G,2.99,B3_020,28
201604,pond,Offspring,201602_141_001_E11_G,3.1,B3_020,28
201604,pond,Offspring,201602_141_001_E2_G,3.16,B3_020,28
201604,pond,Offspring,201602_142_005_G2_G,3.88,B3_020,28
201604,pond,Offspring,201602_142_005_G1_G,5.3,B3_020,28
201604,broodstock,mother,201602BR123,0,B3_020,28
201604,larval,Offspring,RD2_003,NA,B3_020,28
201604,larval,Offspring,RD2_005,NA,B3_020,28
201604,larval,Offspring,RD2_007,NA,B3_020,28
201604,larval,Offspring,RD2_011,NA,B3_020,28
201604,larval,Offspring,RD2_018,NA,B3_020,28
201604,larval,Offspring,RD2_021,NA,B3_020,28
201604,larval,Offspring,RD2_022,NA,B3_020,28
201604,larval,Offspring,RD2_034,NA,B3_020,28
201604,larval,Offspring,RD2_036,NA,B3_020,28
201604,larval,Offspring,RD2_039,NA,B3_020,28
201604,larval,Offspring,RD2_044,NA,B3_020,28
201604,larval,Offspring,RD2_048,NA,B3_020,28
201604,larval,Offspring,RD2_051,NA,B3_020,28
201604,larval,Offspring,RD2_054,NA,B3_020,28
201604,larval,Offspring,RD2_062,NA,B3_020,28
201604,larval,Offspring,RD2_066,NA,B3_020,28
201604,larval,Offspring,RD2_067,NA,B3_020,28
201604,larval,Offspring,RD2_074,NA,B3_020,28
201604,larval,Offspring,RD2_076,NA,B3_020,28
201604,larval,Offspring,RD2_080,NA,B3_020,28
201604,larval,Offspring,RD2_081,NA,B3_020,28
201604,larval,Offspring,RD2_082,NA,B3_020,28
201604,larval,Offspring,RD2_085,NA,B3_020,28
201604,larval,Offspring,RD2_087,NA,B3_020,28
201604,larval,Offspring,RD2_091,NA,B3_020,28
201604,larval,Offspring,RD2_093,NA,B3_020,28
201604,broodstock,father,201602BR118,NA,B3_020,28
201604,pond,Offspring,201602_141_001_C4_G,0,B3_020,28
201604,pond,Offspring,201602_141_001_C6_G,0,B3_020,28
201604,pond,Offspring,201602_141_001_D1_G,0,B3_020,28
201604,pond,Offspring,201602_141_001_D8_G,0,B3_020,28
201604,pond,Offspring,201602_141_001_E9_G,0,B3_020,28
201604,pond,Offspring,201602_141_001_G9_G,0,B3_020,28
201604,pond,Offspring,201602_141_001_H10_G,0,B3_020,28
201604,pond,Offspring,201602_142_005_A2_G,0,B3_020,28
201604,pond,Offspring,201602_142_005_D3_G,0,B3_020,28
201604,pond,Offspring,201602_142_005_D6_G,0,B3_020,28
201604,pond,Offspring,201602_142_005_E5_G,0,B3_020,28
201602,pond,Offspring,201604_136_001_E7_G,3.62,B2_021,29
201602,broodstock,mother,201604BR119,4,B2_021,29
201602,pond,Offspring,201604_135_001_A12_G,4.09,B2_021,29
201602,pond,Offspring,201604_136_001_E12_G,5.09,B2_021,29
201602,broodstock,father,201604BR261,NA,B2_021,29
201602,pond,Offspring,201604_136_001_E4_G,0,B2_021,29
201602,broodstock,father,201602BR087,1.82,B3_011,30
201602,pond,Offspring,201602_141_001_F11_G,3.08,B3_011,30
201602,pond,Offspring,201602_141_001_A2_G,3.11,B3_011,30
201602,pond,Offspring,201602_141_001_C12_G,3.15,B3_011,30
201602,pond,Offspring,201602_142_005_B7_G,3.91,B3_011,30
201602,pond,Offspring,201602_142_005_A7_G,4.12,B3_011,30
201602,pond,Offspring,201602_142_005_F12_G,4.12,B3_011,30
201602,pond,Offspring,201602_142_005_B8_G,4.15,B3_011,30
201602,pond,Offspring,201602_142_005_B12_G,4.17,B3_011,30
201602,pond,Offspring,201602_142_005_E11_G,4.29,B3_011,30
201602,pond,Offspring,201602_142_005_E3_G,7.08,B3_011,30
201602,pond,Offspring,201602_142_005_E12_G,7.23,B3_011,30
201602,broodstock,mother,201602BR056,0,B3_011,30
201602,larval,Offspring,RD2_009,NA,B3_011,30
201602,larval,Offspring,RD2_014,NA,B3_011,30
201602,larval,Offspring,RD2_037,NA,B3_011,30
201602,larval,Offspring,RD2_043,NA,B3_011,30
201602,larval,Offspring,RD2_047,NA,B3_011,30
201602,larval,Offspring,RD2_055,NA,B3_011,30
201602,larval,Offspring,RD2_058,NA,B3_011,30
201602,larval,Offspring,RD2_060,NA,B3_011,30
201602,larval,Offspring,RD2_061,NA,B3_011,30
201602,larval,Offspring,RD2_072,NA,B3_011,30
201602,larval,Offspring,RD2_073,NA,B3_011,30
201602,larval,Offspring,RD2_077,NA,B3_011,30
201602,larval,Offspring,RD2_083,NA,B3_011,30
201602,larval,Offspring,RD2_086,NA,B3_011,30
201602,larval,Offspring,RD2_090,NA,B3_011,30
201602,pond,Offspring,201602_141_001_A3_G,0,B3_011,30
201602,pond,Offspring,201602_141_001_C1_G,0,B3_011,30
201602,pond,Offspring,201602_141_001_E6_G,0,B3_011,30
201602,pond,Offspring,201602_141_001_G10_G,0,B3_011,30
201602,pond,Offspring,201602_142_005_A12_G,0,B3_011,30
201602,pond,Offspring,201602_142_005_B2_G,0,B3_011,30
201602,pond,Offspring,201602_142_005_B3_G,0,B3_011,30
201602,pond,Offspring,201602_142_005_C12_G,0,B3_011,30
201602,pond,Offspring,201602_142_005_D1_G,0,B3_011,30
201602,pond,Offspring,201602_142_005_D12_G,0,B3_011,30
201602,pond,Offspring,201602_142_005_F2_G,0,B3_011,30
201602,pond,Offspring,201602_142_005_F3_G,0,B3_011,30
201602,pond,Offspring,201602_142_005_F5_G,0,B3_011,30
201602,pond,Offspring,201602_142_005_F6_G,0,B3_011,30
201602,pond,Offspring,201602_142_005_G5_G,0,B3_011,30
201602,pond,Offspring,201602_142_005_G6_G,0,B3_011,30
201602,pond,Offspring,201602_142_005_H2_G,0,B3_011,30
201602,pond,Offspring,201602_142_005_H4_G,0,B3_011,30
201602,pond,Offspring,201602_142_005_H5_G,0,B3_011,30
201602,pond,Offspring,201602_142_005_H6_G,0,B3_011,30
201604,pond,Offspring,201604_136_001_D4_G,3.19,B2_013,31
201604,pond,Offspring,201604_136_001_H8_G,3.48,B2_013,31
201604,pond,Offspring,201604_136_001_C11_G,3.58,B2_013,31
201604,pond,Offspring,201604_136_001_B4_G,3.65,B2_013,31
201604,pond,Offspring,201604_135_001_B6_G,3.72,B2_013,31
201604,pond,Offspring,201604_135_001_G10_G,3.99,B2_013,31
201604,pond,Offspring,201604_136_001_D5_G,4,B2_013,31
201604,pond,Offspring,201604_136_001_D7_G,4.16,B2_013,31
201604,pond,Offspring,201604_136_001_E1_G,5.37,B2_013,31
201604,broodstock,father,201604BR323,5.47,B2_013,31
201604,pond,Offspring,201604_135_001_E12_G,5.6,B2_013,31
201604,pond,Offspring,201604_135_001_F12_G,6.4,B2_013,31
201604,broodstock,mother,201604BR429,0,B2_013,31
201604,pond,Offspring,201604_135_001_D5_G,0,B2_013,31
201604,pond,Offspring,201604_135_001_D6_G,0,B2_013,31
201604,pond,Offspring,201604_135_001_H2_G,0,B2_013,31
201604,pond,Offspring,201604_135_001_H5_G,0,B2_013,31
201604,pond,Offspring,201604_136_001_A5_G,0,B2_013,31
201604,pond,Offspring,201604_136_001_B10_G,0,B2_013,31
201604,pond,Offspring,201604_135_001_F11_G,3.07,B2_015,32
201604,pond,Offspring,201604_136_001_E11_G,3.18,B2_015,32
201604,pond,Offspring,201604_136_001_H9_G,3.25,B2_015,32
201604,broodstock,mother,201604BR099,3.51,B2_015,32
201604,pond,Offspring,201604_135_001_F6_G,3.93,B2_015,32
201604,pond,Offspring,201604_136_001_H6_G,4.83,B2_015,32
201604,pond,Offspring,201604_136_001_C3_G,4.9,B2_015,32
201604,pond,Offspring,201604_136_001_E8_G,5.24,B2_015,32
201604,broodstock,father,201604BR336,5.39,B2_015,32
201604,pond,Offspring,201604_136_001_B3_G,5.74,B2_015,32
201604,pond,Offspring,201604_136_001_B5_G,7.43,B2_015,32
201604,pond,Offspring,201604_135_001_H4_G,0,B2_015,32
201604,pond,Offspring,201604_136_001_C4_G,0,B2_015,32
201604,pond,Offspring,201604_136_001_F8_G,0,B2_015,32
201604,pond,Offspring,201604_136_001_H7_G,0,B2_015,32
201604,pond,Offspring,201604_136_001_G8_G,#N/A,B2_015,32
201602,broodstock,father,201602BR105,1.39,B3_007,33
201602,broodstock,mother,201602BR040,1.46,B3_007,33
201602,pond,Offspring,201602_141_001_B12_G,3.15,B3_007,33
201602,larval,Offspring,D1.PL004,NA,B3_007,33
201602,larval,Offspring,D1.PL012,NA,B3_007,33
201602,larval,Offspring,D1.PL023,NA,B3_007,33
201602,larval,Offspring,D1.PL032,NA,B3_007,33
201602,larval,Offspring,D1.PL037,NA,B3_007,33
201602,larval,Offspring,D1.PL041,NA,B3_007,33
201602,larval,Offspring,D1.PL085,NA,B3_007,33
201602,larval,Offspring,D1_Plate1_B2G,NA,B3_007,33
201602,larval,Offspring,D1_Plate1_B9G,NA,B3_007,33
201602,larval,Offspring,D1_Plate1_C12G,NA,B3_007,33
201602,larval,Offspring,D1_Plate1_C3G,NA,B3_007,33
201602,larval,Offspring,D1_Plate1_D7G,NA,B3_007,33
201602,larval,Offspring,D1_Plate1_E10G,NA,B3_007,33
201602,larval,Offspring,D1_Plate1_E2G,NA,B3_007,33
201602,larval,Offspring,D1_Plate1_G3G,NA,B3_007,33
201602,larval,Offspring,D1_Plate1_H6G,NA,B3_007,33
201602,larval,Offspring,RD3_PL057,NA,B3_007,33
201602,larval,Offspring,RD4_PL004,NA,B3_007,33
201602,larval,Offspring,RD4_PL007,NA,B3_007,33
201602,larval,Offspring,RD4_PL053,NA,B3_007,33
201602,larval,Offspring,RD4_PL068,NA,B3_007,33
201602,larval,Offspring,RD4_PL069,NA,B3_007,33
201602,larval,Offspring,RD4_PL072,NA,B3_007,33
201602,larval,Offspring,RD4_PL080,NA,B3_007,33
201602,larval,Offspring,RD4_PL084,NA,B3_007,33
201602,larval,Offspring,RD4_PL090,NA,B3_007,33
201602,pond,Offspring,201602_141_001_H11_G,0,B3_007,33
201602,pond,Offspring,201602_141_001_H8_G,0,B3_007,33
201604,pond,Offspring,201604_135_001_B8_G,2.58,B2_003,34
201604,pond,Offspring,201604_135_001_A11_G,2.81,B2_003,34
201604,pond,Offspring,201604_136_001_F10_G,3.07,B2_003,34
201604,pond,Offspring,201604_136_001_D1_G,3.35,B2_003,34
201604,pond,Offspring,201604_136_001_C9_G,3.64,B2_003,34
201604,pond,Offspring,201604_136_001_D6_G,3.81,B2_003,34
201604,pond,Offspring,201604_136_001_D9_G,3.83,B2_003,34
201604,pond,Offspring,201604_135_001_E8_G,3.83,B2_003,34
201604,pond,Offspring,201604_135_001_D11_G,4.31,B2_003,34
201602,pond,Offspring,201604_136_001_E5_G,5.17,B2_003,34
201604,broodstock,mother,201604BR049,0,B2_003,34
201604,broodstock,father,201604BR142,0,B2_003,34
201604,pond,Offspring,201604_135_001_A5_G,0,B2_003,34
201604,pond,Offspring,201604_135_001_C7_G,0,B2_003,34
201604,pond,Offspring,201604_136_001_D12_G,0,B2_003,34
201602,broodstock,father,201602BR096,1.7,B3_016,35
201602,broodstock,mother,201602BR075,2.43,B3_016,35
201602,pond,Offspring,201602_141_001_C2_G,3.09,B3_016,35
201602,pond,Offspring,201602_142_005_F9_G,3.71,B3_016,35
201602,larval,Offspring,RD2_006,NA,B3_016,35
201602,larval,Offspring,RD2_008,NA,B3_016,35
201602,larval,Offspring,RD2_012,NA,B3_016,35
201602,larval,Offspring,RD2_028,NA,B3_016,35
201602,larval,Offspring,RD2_031,NA,B3_016,35
201602,larval,Offspring,RD2_032,NA,B3_016,35
201602,larval,Offspring,RD2_038,NA,B3_016,35
201602,larval,Offspring,RD2_052,NA,B3_016,35
201602,larval,Offspring,RD2_057,NA,B3_016,35
201602,larval,Offspring,RD2_063,NA,B3_016,35
201602,larval,Offspring,RD2_068,NA,B3_016,35
201602,larval,Offspring,RD2_070,NA,B3_016,35
201602,pond,Offspring,201602_141_001_A9_G,0,B3_016,35
201602,pond,Offspring,201602_141_001_B1_G,0,B3_016,35
201602,pond,Offspring,201602_141_001_B5_G,0,B3_016,35
201602,pond,Offspring,201602_141_001_C9_G,0,B3_016,35
201602,pond,Offspring,201602_141_001_F7_G,0,B3_016,35
201602,pond,Offspring,201602_142_005_A3_G,0,B3_016,35
201602,pond,Offspring,201602_142_005_A5_G,0,B3_016,35
201602,pond,Offspring,201602_142_005_B5_G,0,B3_016,35
201602,pond,Offspring,201602_142_005_E9_G,0,B3_016,35
201602,pond,Offspring,201602_142_005_F1_G,0,B3_016,35
201602,pond,Offspring,201602_142_005_H8_G,0,B3_016,35
201602,broodstock,mother,201602BR085,1.31,B3_019,36
201602,larval,Offspring,RD2_020,NA,B3_019,36
201602,larval,Offspring,RD2_024,NA,B3_019,36
201602,larval,Offspring,RD2_029,NA,B3_019,36
201602,larval,Offspring,RD2_088,NA,B3_019,36
201602,larval,Offspring,RD3_PL031,NA,B3_019,36
201602,larval,Offspring,RD3_PL052,NA,B3_019,36
201602,larval,Offspring,RD3_PL064,NA,B3_019,36
201602,larval,Offspring,RD3_PL069,NA,B3_019,36
201602,larval,Offspring,RD3_PL074,NA,B3_019,36
201602,larval,Offspring,RD3_PL077,NA,B3_019,36
201602,broodstock,father,201602BR020,NA,B3_019,36
201602,pond,Offspring,201602_141_001_D10_G,0,B3_019,36
201602,pond,Offspring,201602_142_005_H3_G,0,B3_019,36
201602,broodstock,father,201602BR093,1.73,B3_004,37
201602,broodstock,mother,201602BR036,2.76,B3_004,37
201602,larval,Offspring,RD2_033,NA,B3_004,37
201602,larval,Offspring,RD3_PL006,NA,B3_004,37
201602,larval,Offspring,RD3_PL007,NA,B3_004,37
201602,larval,Offspring,RD3_PL008,NA,B3_004,37
201602,larval,Offspring,RD3_PL012,NA,B3_004,37
201602,larval,Offspring,RD3_PL013,NA,B3_004,37
201602,larval,Offspring,RD3_PL034,NA,B3_004,37
201602,larval,Offspring,RD3_PL035,NA,B3_004,37
201602,larval,Offspring,RD3_PL039,NA,B3_004,37
201602,larval,Offspring,RD3_PL041,NA,B3_004,37
201602,larval,Offspring,RD3_PL045,NA,B3_004,37
201602,larval,Offspring,RD3_PL051,NA,B3_004,37
201602,larval,Offspring,RD3_PL053,NA,B3_004,37
201602,larval,Offspring,RD3_PL056,NA,B3_004,37
201602,larval,Offspring,RD3_PL059,NA,B3_004,37
201602,larval,Offspring,RD3_PL065,NA,B3_004,37
201602,larval,Offspring,RD3_PL081,NA,B3_004,37
201602,larval,Offspring,RD3_PL094,NA,B3_004,37
201602,pond,Offspring,201602_141_001_E10_G,0,B3_004,37
201604,pond,Offspring,201604_135_001_B9_G,3.26,B2_020,38
201604,broodstock,mother,201604BR103,3.41,B2_020,38
201604,pond,Offspring,201604_136_001_H11_G,3.66,B2_020,38
201604,pond,Offspring,201604_136_001_H5_G,4.3,B2_020,38
201604,broodstock,father,201604BR261,NA,B2_020,38
201604,pond,Offspring,201604_136_001_A3_G,0,B2_020,38
201602,pond,Offspring,201604_136_001_B12_G,0,B2_020,38
201604,broodstock,mother,201604BR457,2.28,B2_018,39
201604,broodstock,father,201604BR376,3.34,B2_018,39
201604,pond,Offspring,201604_135_001_F5_G,0,B2_018,39
201604,broodstock,mother,201604BR003,3.03,B2_011,40
201604,broodstock,father,201604BR277,3.38,B2_011,40
201604,pond,Offspring,201604_135_001_C2_G,4.17,B2_011,40
201604,pond,Offspring,201604_135_001_D12_G,4.35,B2_011,40
201604,pond,Offspring,201604_136_001_A7_G,0,B2_011,40
201602,broodstock,father,201602BR093,1.73,B3_008,41
201602,broodstock,mother,201602BR054,2.22,B3_008,41
201602,larval,Offspring,D1.PL005,NA,B3_008,41
201602,larval,Offspring,D1.PL006,NA,B3_008,41
201602,larval,Offspring,D1.PL018,NA,B3_008,41
201602,larval,Offspring,D1.PL026,NA,B3_008,41
201602,larval,Offspring,D1.PL089,NA,B3_008,41
201602,larval,Offspring,D1_Plate1_B11G,NA,B3_008,41
201602,larval,Offspring,D1_Plate1_B8G,NA,B3_008,41
201602,larval,Offspring,D1_Plate1_H4G,NA,B3_008,41
201602,larval,Offspring,RD3_PL004,NA,B3_008,41
201602,larval,Offspring,RD3_PL021,NA,B3_008,41
201602,larval,Offspring,RD3_PL032,NA,B3_008,41
201602,larval,Offspring,RD3_PL055,NA,B3_008,41
201602,larval,Offspring,RD3_PL066,NA,B3_008,41
201602,larval,Offspring,RD3_PL070,NA,B3_008,41
201602,larval,Offspring,RD4_PL052,NA,B3_008,41
201602,larval,Offspring,RD4_PL063,NA,B3_008,41
201602,larval,Offspring,RD4_PL081,NA,B3_008,41
201602,pond,Offspring,201602_142_005_E1_G,0,B3_008,41
201602,broodstock,mother,201602BR054,2.22,B3_009,42
201602,pond,Offspring,201602_141_001_G3_G,3.16,B3_009,42
201602,broodstock,father,201602BR110,0,B3_009,42
201602,larval,Offspring,D1.PL021,NA,B3_009,42
201602,larval,Offspring,D1.PL030,NA,B3_009,42
201602,larval,Offspring,D1.PL058,NA,B3_009,42
201602,larval,Offspring,D1.PL067,NA,B3_009,42
201602,larval,Offspring,D1.PL076,NA,B3_009,42
201602,larval,Offspring,D1.PL081,NA,B3_009,42
201602,larval,Offspring,D1_Plate1_A11G,NA,B3_009,42
201602,larval,Offspring,D1_Plate1_B12G,NA,B3_009,42
201602,larval,Offspring,D1_Plate1_D1G,NA,B3_009,42
201602,larval,Offspring,D1_Plate1_E9G,NA,B3_009,42
201602,larval,Offspring,D1_Plate1_F11G,NA,B3_009,42
201602,larval,Offspring,D1_Plate1_G11G,NA,B3_009,42
201602,larval,Offspring,D1_Plate1_H7G,NA,B3_009,42
201602,larval,Offspring,RD4_PL010,NA,B3_009,42
201602,larval,Offspring,RD4_PL062,NA,B3_009,42
201602,pond,Offspring,201602_141_001_A5_G,0,B3_009,42
201602,pond,Offspring,201602_141_001_B4_G,0,B3_009,42
201602,pond,Offspring,201602_141_001_E12_G,0,B3_009,42
201604,pond,Offspring,201604_135_001_E11_G,3.59,B2_005,43
201604,broodstock,father,201604BR189,3.85,B2_005,43
201604,broodstock,mother,201604BR085,3.97,B2_005,43
201604,pond,Offspring,201604_136_001_E6_G,4.06,B2_005,43
201604,broodstock,father,201604BR247,3.16,B2_019,44
201604,pond,Offspring,201604_135_001_D9_G,3.48,B2_019,44
201604,pond,Offspring,201604_136_001_G11_G,6.3,B2_019,44
201604,broodstock,mother,201604BR474,NA,B2_019,44
201604,pond,Offspring,201604_135_001_G6_G,0,B2_019,44
201602,broodstock,mother,201602BR036,2.76,B3_005,45
201602,larval,Offspring,RD2_040,NA,B3_005,45
201602,larval,Offspring,RD2_041,NA,B3_005,45
201602,larval,Offspring,RD2_065,NA,B3_005,45
201602,larval,Offspring,RD2_094,NA,B3_005,45
201602,larval,Offspring,RD3_PL040,NA,B3_005,45
201602,larval,Offspring,RD3_PL063,NA,B3_005,45
201602,larval,Offspring,RD3_PL071,NA,B3_005,45
201602,larval,Offspring,RD3_PL075,NA,B3_005,45
201602,larval,Offspring,RD3_PL078,NA,B3_005,45
201602,larval,Offspring,RD3_PL091,NA,B3_005,45
201602,larval,Offspring,RD3_PL093,NA,B3_005,45
201602,broodstock,father,201602BR125,NA,B3_005,45
201602,pond,Offspring,201602_141_001_C7_G,0,B3_005,45
201602,pond,Offspring,201602_141_001_D12_G,0,B3_005,45
201602,pond,Offspring,201602_141_001_E5_G,0,B3_005,45
201602,pond,Offspring,201602_142_005_D4_G,0,B3_005,45
201602,pond,Offspring,201602_142_005_E6_G,0,B3_005,45
201602,pond,Offspring,201602_142_005_F10_G,0,B3_005,45
201604,broodstock,mother,201604BR021,3.01,B2_004,46
201604,broodstock,father,201604BR170,3.94,B2_004,46
201604,pond,Offspring,201604_135_001_F4_G,0,B2_004,46
201602,pond,Offspring,201602_141_001_H6_G,3.14,B3_001,47
201602,pond,Offspring,201602_141_001_A12_G,3.15,B3_001,47
201602,pond,Offspring,201602_141_001_G6_G,3.17,B3_001,47
201602,broodstock,mother,201602BR026,0,B3_001,47
201602,larval,Offspring,RD2_045,NA,B3_001,47
201602,larval,Offspring,RD3_PL019,NA,B3_001,47
201602,larval,Offspring,RD3_PL023,NA,B3_001,47
201602,larval,Offspring,RD3_PL043,NA,B3_001,47
201602,larval,Offspring,RD3_PL044,NA,B3_001,47
201602,larval,Offspring,RD3_PL050,NA,B3_001,47
201602,broodstock,father,201602BR113,NA,B3_001,47
201602,pond,Offspring,201602_141_001_A6_G,0,B3_001,47
201602,pond,Offspring,201602_141_001_B10_G,0,B3_001,47
201602,pond,Offspring,201602_141_001_C10_G,0,B3_001,47
201602,pond,Offspring,201602_141_001_D3_G,0,B3_001,47
201602,pond,Offspring,201602_142_005_B1_G,0,B3_001,47
201602,pond,Offspring,201602_142_005_D5_G,0,B3_001,47
201602,pond,Offspring,201602_142_005_G10_G,0,B3_001,47
201602,pond,Offspring,201602_142_005_H1_G,0,B3_001,47
201602,broodstock,mother,201602BR035,1.84,B3_003,48
201602,broodstock,father,201602BR102,3.57,B3_003,48
201602,larval,Offspring,RD2_010,NA,B3_003,48
201602,larval,Offspring,RD2_015,NA,B3_003,48
201602,larval,Offspring,RD2_027,NA,B3_003,48
201602,larval,Offspring,RD2_053,NA,B3_003,48
201602,larval,Offspring,RD2_064,NA,B3_003,48
201602,larval,Offspring,RD3_PL001,NA,B3_003,48
201602,larval,Offspring,RD3_PL015,NA,B3_003,48
201602,larval,Offspring,RD3_PL038,NA,B3_003,48
201602,larval,Offspring,RD3_PL048,NA,B3_003,48
201602,larval,Offspring,RD3_PL054,NA,B3_003,48
201602,larval,Offspring,RD3_PL060,NA,B3_003,48
201602,larval,Offspring,RD3_PL067,NA,B3_003,48
201602,larval,Offspring,RD3_PL068,NA,B3_003,48
201602,pond,Offspring,201602_142_005_B10_G,0,B3_003,48
201602,pond,Offspring,201602_142_005_H11_G,0,B3_003,48
201602,broodstock,mother,201602BR069,2.2,B3_015,49
201602,broodstock,father,201602BR104,0,B3_015,49
201602,larval,Offspring,D1.PL007,NA,B3_015,49
201602,larval,Offspring,D1.PL010,NA,B3_015,49
201602,larval,Offspring,D1.PL042,NA,B3_015,49
201602,larval,Offspring,RD3_PL029,NA,B3_015,49
201602,larval,Offspring,RD4_PL015,NA,B3_015,49
201602,larval,Offspring,RD4_PL022,NA,B3_015,49
201602,larval,Offspring,RD4_PL028,NA,B3_015,49
201602,larval,Offspring,RD4_PL043,NA,B3_015,49
201602,larval,Offspring,RD4_PL094,NA,B3_015,49
201602,pond,Offspring,201602_141_001_B2_G,0,B3_015,49
201602,pond,Offspring,201602_141_001_E3_G,0,B3_015,49
201604,broodstock,father,201602BR127,0,B3_029,50
201604,larval,Offspring,RD3_PL062,NA,B3_029,50
201604,larval,Offspring,RD3_PL088,NA,B3_029,50
201604,larval,Offspring,RD4_PL012,NA,B3_029,50
201604,larval,Offspring,RD4_PL035,NA,B3_029,50
201604,larval,Offspring,RD4_PL037,NA,B3_029,50
201604,larval,Offspring,RD4_PL040,NA,B3_029,50
201604,larval,Offspring,RD4_PL046,NA,B3_029,50
201604,broodstock,mother,201602BR018,NA,B3_029,50
201604,pond,Offspring,201602_141_001_F8_G,0,B3_029,50
201604,pond,Offspring,201604_135_001_A6_G,3.02,B2_016,51
201604,pond,Offspring,201604_136_001_A12_G,3.45,B2_016,51
201604,broodstock,mother,201604BR071,3.5,B2_016,51
201604,pond,Offspring,201604_136_001_F12_G,3.52,B2_016,51
201604,broodstock,father,201604BR359,4.35,B2_016,51
201604,pond,Offspring,201604_135_001_C5_G,0,B2_016,51
201604,broodstock,mother,201604BR062,3.06,B2_002,52
201604,pond,Offspring,201604_135_001_D10_G,3.07,B2_002,52
201604,pond,Offspring,201604_135_001_G8_G,3.27,B2_002,52
201604,broodstock,father,201604BR133,3.9,B2_002,52
201604,pond,Offspring,201604_136_001_D8_G,3.99,B2_002,52
201604,pond,Offspring,201604_135_001_A7_G,2.96,B2_009,53
201604,broodstock,father,201604BR231,3.15,B2_009,53
201604,pond,Offspring,201604_135_001_E1_G,3.46,B2_009,53
201604,pond,Offspring,201604_135_001_C12_G,3.91,B2_009,53
201604,broodstock,mother,201604BR074,4.09,B2_009,53
201604,pond,Offspring,201604_136_001_B6_G,7.28,B2_009,53
201604,pond,Offspring,201604_135_001_D4_G,0,B2_009,53
201602,broodstock,mother,201602BR075,2.43,B3_017,54
201602,broodstock,father,201602BR102,3.57,B3_017,54
201602,larval,Offspring,RD2_001,NA,B3_017,54
201602,larval,Offspring,RD2_025,NA,B3_017,54
201602,larval,Offspring,RD2_056,NA,B3_017,54
201602,larval,Offspring,RD2_069,NA,B3_017,54
201602,larval,Offspring,RD2_075,NA,B3_017,54
201602,larval,Offspring,RD2_092,NA,B3_017,54
201602,pond,Offspring,201602_141_001_A11_G,0,B3_017,54
201602,pond,Offspring,201602_142_005_D8_G,0,B3_017,54
201602,pond,Offspring,201602_142_005_E7_G,0,B3_017,54
201602,pond,Offspring,201602_142_005_E8_G,0,B3_017,54
201602,broodstock,mother,201602BR055,1.63,B3_010,55
201602,larval,Offspring,RD3_PL026,NA,B3_010,55
201602,larval,Offspring,RD3_PL083,NA,B3_010,55
201602,larval,Offspring,RD4_PL005,NA,B3_010,55
201602,larval,Offspring,RD4_PL065,NA,B3_010,55
201602,larval,Offspring,RD4_PL074,NA,B3_010,55
201602,larval,Offspring,RD4_PL078,NA,B3_010,55
201602,larval,Offspring,RD4_PL083,NA,B3_010,55
201602,broodstock,father,201602BR109,NA,B3_010,55
201604,broodstock,mother,201604BR119,4,B2_008,56
201604,broodstock,father,201604BR223,NA,B2_008,56
201604,broodstock,father,201604BR322,5.98,B2_012,57
201604,broodstock,mother,201604BR427,0,B2_012,57
201602,broodstock,father,201602BR105,1.39,B3_014,58
201602,pond,Offspring,201602_141_001_H5_G,3.14,B3_014,58
201602,broodstock,mother,201602BR066,3.32,B3_014,58
201602,larval,Offspring,RD2_004,NA,B3_014,58
201602,larval,Offspring,RD2_013,NA,B3_014,58
201602,larval,Offspring,RD2_042,NA,B3_014,58
201602,larval,Offspring,RD2_046,NA,B3_014,58
201602,larval,Offspring,RD2_050,NA,B3_014,58
201602,larval,Offspring,RD2_084,NA,B3_014,58
201602,pond,Offspring,201602_141_001_A7_G,0,B3_014,58
201602,pond,Offspring,201602_141_001_F1_G,0,B3_014,58
201602,broodstock,father,201602BR096,1.7,B3_006,59
201602,broodstock,mother,201602BR039,2.98,B3_006,59
201602,larval,Offspring,RD3_PL005,NA,B3_006,59
201602,larval,Offspring,RD3_PL046,NA,B3_006,59
201602,larval,Offspring,RD3_PL082,NA,B3_006,59
201604,broodstock,mother,201602BR031,0,B3_023,60
201604,larval,Offspring,RD3_PL002,NA,B3_023,60
201604,broodstock,father,201602BR126,NA,B3_023,60
201604,pond,Offspring,201602_141_001_A4_G,0,B3_023,60
201604,pond,Offspring,201602_141_001_D2_G,0,B3_023,60
201604,pond,Offspring,201602_141_001_G5_G,0,B3_023,60
201604,pond,Offspring,201602_142_005_A9_G,0,B3_023,60
